trade_id,side,entry_time,entry_price,exit_time,exit_price,quantity,gross_pnl,commission,pnl,exit_reason,mae,mfe,duration_min
1,short,2025-10-03 09:45:00,1847.9,2025-10-03 09:45:00,1852.1,10,-4199999.999999818,555000.0,-4754999.999999818,Stop loss,0.0,0.0,0.0
2,short,2025-10-03 10:15:00,1847.8644805171882,2025-10-03 10:15:00,1852.1,10,-4235519.482811697,554994.6720775783,-4790514.154889275,Stop loss,0.0,0.0,0.0
3,short,2025-10-03 11:15:00,1847.838931178614,2025-10-03 11:15:00,1852.1,10,-4261068.821385833,554990.839676792,-4816059.661062625,Stop loss,0.0,0.0,0.0
4,long,2025-10-08 13:45:00,1919.7263081771782,2025-10-08 14:15:00,1918.9,10,-826308.1771781344,575793.9462265768,-1402102.1234047113,Last Candle Close,0.0,4.97369182282182,30.0
5,long,2025-10-09 11:00:00,1926.8073524205117,2025-10-09 14:15:00,1932.1,10,5292647.579488175,578836.1028630767,4713811.476625098,Last Candle Close,0.3073524205117337,9.392647579488312,195.0
6,long,2025-10-10 11:00:00,1946.5157348866774,2025-10-10 14:15:00,1966.977875764824,10,20462140.878146555,587024.0415977251,19875116.83654883,Take profit,0.0,17.28426511332259,195.0
7,long,2025-10-13 09:30:00,1972.4894465232264,2025-10-13 14:00:00,1995.7381867788981,10,23248740.25567169,595234.1449953186,22653506.110676374,Take profit,0.0,15.910553476773657,270.0
8,long,2025-10-14 09:45:00,2031.4032290764565,2025-10-14 10:00:00,2025.5,9,-5312906.16881081,547681.9359253217,-5860588.104736132,Stop loss,0.0,1.7967709235435905,15.0
9,short,2025-10-14 13:45:00,2022.8268083688397,2025-10-14 14:15:00,2010.5,9,11094127.531955723,544499.1191297933,10549628.412825929,Last Candle Close,0.0,0.0,30.0
10,long,2025-10-15 10:15:00,2026.7752211612237,2025-10-15 11:15:00,2020.5,9,-5647699.045101354,546382.1548567652,-6194081.19995812,Stop loss,4.375221161223635,0.6247788387763649,60.0
11,short,2025-10-16 14:00:00,2015.3421552870361,2025-10-16 14:15:00,2014.0,10,1342155.2870361211,604401.3232930554,737753.9637430657,Last Candle Close,0.0,0.0,15.0
12,short,2025-10-17 09:45:00,2008.0316652400036,2025-10-17 13:45:00,1985.8568964057345,10,22174768.834269118,599083.2842468607,21575685.550022256,Take profit,0.0,0.0,240.0
13,long,2025-10-21 10:00:00,1895.1659313388766,2025-10-21 10:30:00,1886.8,7,-5856151.937213644,397106.422790582,-6253258.360004227,Stop loss,2.465931338876544,1.134068661123365,30.0
14,long,2025-10-21 13:30:00,1895.2287615527418,2025-10-21 14:15:00,1909.7,6,8682743.068354921,342443.5885397467,8340299.479815175,Last Candle Close,0.0,25.9712384472582,45.0
15,short,2025-10-22 10:30:00,1895.534623739889,2025-10-22 14:15:00,1905.2,6,-5799225.756066653,342066.11613658996,-6141291.872203243,Stop loss,0.0,0.0,225.0
16,long,2025-10-24 13:45:00,1940.246094027916,2025-10-24 14:15:00,1942.5,6,1352343.5832504674,349447.1484625124,1002896.434787955,Last Candle Close,0.0,3.453905972084158,30.0
17,short,2025-10-27 11:15:00,1938.7104285935554,2025-10-27 14:15:00,1908.5,6,18126257.15613326,346248.93857341993,17780008.21755984,Last Candle Close,0.0,0.0,180.0
18,long,2025-10-31 13:45:00,1915.4425705976598,2025-10-31 13:45:00,1908.0,8,-5954056.478127859,458813.10847171914,-6412869.586599578,Stop loss,0.0,0.0,0.0
19,short,2025-10-31 14:15:00,1892.3762090304092,2025-10-31 14:15:00,1900.2,7,-5476653.678713592,398220.50194819295,-5874874.1806617845,Stop loss,0.0,0.0,0.0
20,short,2025-11-03 14:00:00,1891.0434845536613,2025-11-03 14:00:00,1899.1,7,-5639560.812437026,397965.0658781344,-6037525.87831516,Stop loss,0.0,0.0,0.0
21,short,2025-11-03 14:15:00,1890.5020350685393,2025-11-03 14:15:00,1862.5,6,16801221.04112356,337770.1831561685,16463450.857967393,Last Candle Close,0.0,0.0,0.0
22,long,2025-11-04 13:45:00,1871.7273789196186,2025-11-04 14:15:00,1902.2,7,21330834.75626704,396262.3747865599,20934572.38148048,Last Candle Close,0.0,16.27262108038144,30.0
23,long,2025-11-06 13:30:00,1883.6632149453994,2025-11-06 13:30:00,1876.8,9,-6176893.450859529,507662.5340176289,-6684555.984877158,Stop loss,0.0,0.0,0.0
24,long,2025-11-11 14:00:00,1824.90917203616,2025-11-11 14:15:00,1817.8,8,-5687337.628928071,437125.1006443391,-6124462.72957241,Stop loss,1.6091720361600892,0.0,15.0
25,long,2025-11-12 11:15:00,1834.1015761030756,2025-11-12 14:00:00,1864.6949457465855,8,24474695.71480797,443855.5826219593,24030840.13218601,Take profit,0.0,24.89842389692444,165.0
26,long,2025-11-14 11:15:00,1864.728267643431,2025-11-14 14:15:00,1866.4,10,1671732.3565690094,559669.2401465147,1112063.1164224946,Last Candle Close,0.0,12.271732356568918,180.0
27,long,2025-11-17 09:30:00,1888.0,2025-11-17 14:15:00,1891.9,10,3900000.000000091,566985.0,3333015.000000091,Last Candle Close,4.099999999999909,5.5,285.0
28,short,2025-11-21 10:00:00,1865.0106536109724,2025-11-21 10:15:00,1870.0,10,-4989346.38902756,560251.5980416458,-5549597.987069206,Stop loss,0.0,0.0,15.0
29,short,2025-11-21 11:15:00,1865.0408880218947,2025-11-21 13:00:00,1870.0,10,-4959111.978105284,560256.1332032841,-5519368.111308568,Stop loss,0.0,0.0,105.0
30,long,2025-11-21 13:30:00,1876.9308608160743,2025-11-21 14:00:00,1872.0,10,-4930860.816074301,562339.6291224111,-5493200.445196711,Stop loss,2.730860816074255,0.0,30.0
31,long,2025-11-25 10:45:00,1920.3063335389284,2025-11-25 11:00:00,1915.5,10,-4806333.538928357,575370.9500308393,-5381704.488959196,Stop loss,0.0,0.49366646107159795,15.0
32,short,2025-11-27 11:00:00,1923.940287164341,2025-11-27 13:45:00,1928.3,10,-4359712.835658911,577836.0430746512,-4937548.878733562,Stop loss,0.0,0.0,165.0
33,short,2025-11-28 14:00:00,1921.8905352061563,2025-11-28 14:15:00,1916.1,10,5790535.206156392,575698.5802809234,5214836.625875468,Last Candle Close,0.0,0.0,15.0
34,long,2025-12-01 10:00:00,1935.7985480188229,2025-12-01 10:15:00,1931.3,10,-4498548.018822931,580064.7822028234,-5078612.801025754,Stop loss,2.9985480188229303,0.0,15.0
35,short,2025-12-02 10:45:00,1922.4367487891259,2025-12-02 13:15:00,1926.5,10,-4063251.2108741137,577340.5123183688,-4640591.723192482,Stop loss,0.0,0.0,150.0
36,long,2025-12-04 14:00:00,1984.0076930142768,2025-12-04 14:00:00,1980.0,10,-4007693.0142768105,594601.1539521415,-4602294.168228952,Stop loss,0.0,0.0,0.0
37,long,2025-12-08 10:15:00,1987.0954637480727,2025-12-08 13:30:00,1983.0,10,-4095463.748072689,595514.3195622109,-4690978.0676349,Stop loss,1.1954637480725978,4.104536251927357,195.0
38,short,2025-12-11 10:30:00,1929.7941903461087,2025-12-11 10:45:00,1935.1,10,-5305809.653891174,579734.1285519162,-5885543.78244309,Stop loss,0.0,0.0,15.0
39,short,2025-12-11 13:45:00,1927.1247064069817,2025-12-11 13:45:00,1932.5,10,-5375293.593018341,578943.7059610472,-5954237.298979389,Stop loss,0.0,0.0,0.0
40,long,2025-12-15 10:30:00,1882.019114933314,2025-12-15 11:00:00,1876.0,9,-5417203.439982677,507332.58051599737,-5924536.020498674,Stop loss,2.6191149333139947,0.0,30.0
41,short,2025-12-15 14:00:00,1865.0133672033187,2025-12-15 14:00:00,1871.0,9,-5387969.517013175,504361.80457244796,-5892331.321585624,Stop loss,0.0,0.0,0.0
42,short,2025-12-16 10:30:00,1862.3763217768042,2025-12-16 10:45:00,1868.5,9,-5511310.400876255,503668.3034398685,-6014978.704316123,Stop loss,0.0,0.0,15.0
43,long,2025-12-23 13:30:00,2023.6617598430948,2025-12-23 13:45:00,2017.9,10,-5761759.843094751,606234.2639764643,-6367994.107071215,Stop loss,2.161759843094842,0.0,15.0
44,short,2025-12-24 09:30:00,2008.3749225202744,2025-12-24 09:45:00,2014.1,10,-5725077.479725542,603371.2383780412,-6328448.718103583,Stop loss,0.0,0.0,15.0
45,long,2025-12-26 13:30:00,1942.8869017192778,2025-12-26 14:00:00,1978.2661386414845,7,24765465.845544692,411721.06923788006,24353744.77630681,Take profit,0.0,17.413098280722124,30.0
46,long,2025-12-29 10:00:00,1980.6309169944618,2025-12-29 10:30:00,1972.0,6,-5178550.196677088,355736.78252950154,-5534286.979206589,Stop loss,4.430916994461768,0.0,30.0
47,long,2025-12-29 11:00:00,1980.1994313120492,2025-12-29 14:15:00,1983.1,6,1740341.2127704087,356696.9488180843,1383644.2639523244,Last Candle Close,0.0,20.40056868795068,195.0
48,short,2026-01-05 10:15:00,2022.032958959291,2026-01-05 13:30:00,2028.2,9,-5550336.936638223,546781.4494595042,-6097118.386097727,Stop loss,0.0,0.0,195.0
49,long,2026-01-06 13:30:00,2042.0071127464757,2026-01-06 14:15:00,2057.6,9,14033598.528171752,553446.9602207742,13480151.567950977,Last Candle Close,0.0,12.89288725352435,45.0
50,long,2026-01-07 14:00:00,2083.072944142339,2026-01-07 14:15:00,2090.4,10,7327055.85766098,626020.9416213508,6701034.916039629,Last Candle Close,0.0,4.82705585766098,15.0
51,long,2026-01-08 13:30:00,2108.7591236972044,2026-01-08 13:45:00,2103.0,10,-5759123.697204359,631763.8685545806,-6390887.56575894,Stop loss,2.15912369720445,0.0,15.0
52,long,2026-01-12 09:45:00,2074.5,2026-01-12 09:45:00,2067.7,8,-5440000.000000145,497063.9999999999,-5937064.000000145,Stop loss,0.0,0.0,0.0
53,long,2026-01-12 11:00:00,2074.637453959422,2026-01-12 11:00:00,2067.7,8,-5549963.167537862,497080.4944751306,-6047043.662012993,Stop loss,0.0,0.0,0.0
54,short,2026-01-14 14:15:00,2061.4970397210736,2026-01-14 14:15:00,2062.8,8,-1042368.2231412386,494915.6447665288,-1537283.8679077674,Last Candle Close,0.0,0.0,0.0
55,long,2026-01-15 14:00:00,2043.3840473546202,2026-01-15 14:15:00,2039.9,8,-2787237.883696071,489994.0856825544,-3277231.969378625,Last Candle Close,4.28404735462027,0.0,15.0
56,long,2026-01-16 10:30:00,2066.1009546220503,2026-01-16 13:45:00,2095.7198770720083,8,23695137.95996645,499418.499803287,23195719.460163165,Take profit,0.0,27.999045377949642,195.0
57,long,2026-01-19 10:00:00,2092.960572796988,2026-01-19 10:30:00,2086.3,8,-5328458.237590167,501511.2687356385,-5829969.506325806,Stop loss,3.260572796988072,0.0,30.0
58,long,2026-01-20 13:45:00,2099.10783321733,2026-01-20 14:00:00,2092.8,9,-5677049.8955969745,565907.5574843396,-6242957.453081314,Stop loss,1.4078332173303352,0.0,15.0
59,long,2026-01-21 11:00:00,2081.0577563028846,2026-01-21 11:15:00,2074.2,8,-5486205.042307847,498630.9307563461,-5984835.9730641935,Stop loss,5.157756302884536,0.0,15.0
60,short,2026-01-28 10:45:00,2016.867862094405,2026-01-28 13:30:00,2013.6805965928045,10,3187265.50160045,604582.2688030815,2582683.2327973684,Stop loss,0.0,0.0,165.0
61,short,2026-02-02 09:30:00,2011.752144955883,2026-02-02 11:00:00,1988.7054204558867,10,23046724.499996345,600068.6348117654,22446655.86518458,Take profit,0.0,0.0,90.0
62,short,2026-02-04 10:00:00,1993.7768208275047,2026-02-04 11:15:00,1999.1,10,-5323179.172495202,598931.5231241257,-5922110.695619328,Stop loss,0.0,0.0,75.0
63,short,2026-02-05 10:00:00,1995.5965622525598,2026-02-05 10:00:00,2001.7,9,-5493093.972696215,539635.0359040955,-6032729.00860031,Stop loss,0.0,0.0,0.0
64,short,2026-02-05 10:30:00,1995.5951542826697,2026-02-05 14:15:00,1981.4,9,12775638.854402632,536894.3458281604,12238744.50857447,Last Candle Close,0.0,0.0,225.0
65,short,2026-02-09 11:15:00,1958.3130156434074,2026-02-09 13:00:00,1964.1,10,-5786984.356592484,588361.9523465112,-6375346.308938995,Stop loss,0.0,0.0,105.0
66,long,2026-02-11 14:15:00,2015.209205664946,2026-02-11 14:15:00,2009.3,10,-5909205.664946057,603676.3808497419,-6512882.045795798,Stop loss,0.0,0.0,0.0
67,short,2026-02-13 14:15:00,2012.9134635241362,2026-02-13 14:15:00,2011.5,10,1413463.5241362047,603662.0195286204,809801.5046075843,Last Candle Close,0.0,0.0,0.0
68,short,2026-02-24 10:00:00,2032.2,2026-02-24 10:00:00,2036.3,10,-4099999.999999909,610275.0,-4710274.999999909,Stop loss,0.0,0.0,0.0
69,long,2026-02-25 10:15:00,2060.1028535247387,2026-02-25 10:30:00,2056.0,10,-4102853.524738748,617415.4280287108,-4720268.952767459,Stop loss,1.502853524738839,0.0,15.0
70,long,2026-02-26 10:45:00,2054.769312098711,2026-02-26 14:15:00,2073.548828006734,10,18779515.90802286,619247.7210158166,18160268.18700704,Take profit,2.769312098710998,10.030687901289184,210.0
